sourceIndex,records,seocho500mRecords,comparisonClass,chartCode,meaningVerifiedForAllRecords
,45,0,E,,False
101,253,0,A,101,False
102,87,0,A,102,False
103,26,0,A,103,False
104,285,0,A,104,False
105,74,0,A,105,False
106,7,0,A,106,False
107,581,1,A,107,False
108,89,0,A,108,False
109,95,0,A,109,False
110,52,0,A,110,False
111,789,0,A,111,False
112,631,0,A,112,False
113,64,0,A,113,False
114,84,0,A,114,False
115,9,0,A,115,False
116,68,0,A,116,False
117,93,0,A,117,False
118,36,0,A,118,False
119,333,0,A,119,False
120,28,0,A,120,False
121,23,0,A,121,False
122,12,0,A,122,False
123,9,0,A,123,False
125,126,0,A,125,False
126,176,0,A,126,False
127,97,0,A,127,False
128,34,0,A,128,False
129,4462,0,A,129,False
130,11,0,A,130,False
132,2087,1,A,132,False
133,539,0,A,133,False
134,573,0,A,134,False
135,26,0,A,135,False
136,1,0,A,136,False
137,5,0,A,137,False
138,45,0,A,138,False
139,6,0,A,139,False
140,854,0,A,140,False
141,5,0,A,141,False
201,34,0,A,201,False
202,127,0,A,202,False
203,212,0,A,203,False
204,20,0,A,204,False
205,743,0,A,205,False
205-2,2,0,B,205의2,False
206,17,0,A,206,False
206-2,14,0,B,206의2,False
207,5,0,A,207,False
210,123,0,A,210,False
211,2410,0,A,211,False
212,919,3,A,212,False
213,6123,0,A,213,False
214,6444,3,A,214,False
216,840,3,A,216,False
217,306,0,A,217,False
218,6642,9,A,218,False
219,26799,8,A,219,False
220,100,0,A,220,False
220-1,6032,5,D,,False
220-2,1175,0,D,,False
220-3,869,0,D,,False
220-4,1305,0,D,,False
220-5,87,0,D,,False
220-6,240,0,D,,False
220-7,1,0,D,,False
220-8,151,0,D,,False
221,1879,2,A,221,False
222,20,0,A,222,False
222-Z,34,0,D,,False
223,12,0,A,223,False
224,4395,6,A,224,False
226,3829,1,A,226,False
226-Z,13,0,D,,False
227,2155,3,A,227,False
228,1608,1,A,228,False
230,452,0,A,230,False
231,4,0,A,231,False
232,177,0,D,,False
301,225,0,A,301,False
302,1183,0,A,302,False
303,5837,0,A,303,False
304,226,0,A,304,False
305,64,0,A,305,False
306,248,0,A,306,False
307,229,0,A,307,False
308,1023,0,A,308,False
309,977,0,A,309,False
309-2,36,0,B,309의2,False
310,92,0,A,310,False
311,2809,2,A,311,False
312,284,0,A,312,False
313,859,1,A,313,False
314,113,0,A,314,False
315,380,0,A,315,False
316,357,5,A,316,False
317,1660,0,A,317,False
318,128,0,A,318,False
319,136,0,A,319,False
320,82,0,A,320,False
320-2,1,0,B,320의2,False
320-3,5,0,B,320의3,False
320-4,62,0,B,320의4,False
321,37,0,A,321,False
321-2,119,0,B,321의2,False
322,8276,6,A,322,False
323,6,0,A,323,False
324,1084,0,A,324,False
325,1944,2,A,325,False
326,4599,3,A,326,False
327,3678,0,A,327,False
328,4264,2,A,328,False
329,3513,0,A,329,False
330,655,5,A,330,False
331,3,0,A,331,False
332,1,0,A,332,False
401,1557,0,A,401,False
402,699,0,A,402,False
403,2604,0,A,403,False
404,57,0,A,404,False
405,977,0,A,405,False
406,293,0,A,406,False
407,4576,4,A,407,False
408,92,0,A,408,False
409,38,0,A,409,False
410,178,0,A,410,False
410-Z,6,0,D,,False
411,137,0,A,411,False
412,5046,1,A,412,False
413,775,0,A,413,False
413-1,1,0,D,,False
413-Z,38,0,D,,False
414,257,0,A,414,False
414-Z,1,0,D,,False
415,1449,1,A,415,False
415-2,114,0,B,415의2,False
416,5560,5,A,416,False
417,784,0,A,417,False
418,6662,2,A,418,False
419,621,0,A,419,False
420,108,1,A,420,False
421,39,0,A,421,False
422,28,0,A,422,False
423,97,0,A,423,False
424,1,0,A,424,False
425,457,0,A,425,False
426,1,0,D,,False
427,130,0,A,427,False
428,25520,14,A,428,False
504-1,3,0,D,,False
505-1,27,0,D,,False
510-1,14,0,D,,False
510-2,1,0,D,,False
510-3,7,0,D,,False
511-1,4,0,D,,False
513,97,0,C,513,False
514,1,0,C,514,False
514-1-100,1,0,D,,False
514-1-200,137,0,D,,False
514-1-400,22,0,D,,False
514-1-50,44,0,D,,False
514-1-600,7,0,D,,False
514-100,240,0,D,,False
514-2-100,36,0,D,,False
514-2-200,4,0,D,,False
514-2-400,4,0,D,,False
514-2-50,16,0,D,,False
514-200,14,0,D,,False
514-400,2,0,D,,False
514-50,4,0,D,,False
521,198,0,C,521,False
522,14,0,C,522,False
523,21,0,C,523,False
525,83,0,C,525,False
526,165,0,C,526,False
527,15,0,C,527,False
528,34,0,C,528,False
529,1,0,C,529,False
531,2,0,C,531,False
532,35,0,C,532,False
533,2,0,C,533,False
534,8,0,C,534,False
535,10,0,C,535,False
536,3,0,C,536,False
538,91,0,C,538,False
540,25,0,C,540,False
540-1,1,0,D,,False
541,74,0,C,541,False
543,5,0,C,543,False
544,7,0,C,544,False
547,1,0,C,547,False
550,6,0,D,,False
551,66,0,D,,False
552,3,0,D,,False
554,35,0,D,,False
555,12,0,D,,False
556,22,0,D,,False
557,55,0,D,,False
558,10,0,D,,False
559,41,0,D,,False
561,13,0,D,,False
562,40,0,D,,False
563,23,0,D,,False
564,7,0,D,,False
566,1,0,D,,False
567,16,0,D,,False
611,2,0,D,,False
613,1,0,D,,False
617,1,0,D,,False
623,1,0,D,,False
701,48,0,D,,False
704,1956,1,D,,False
706,8,0,D,,False
712,1,0,D,,False
712-1,41,0,D,,False
719,1,0,D,,False
732,2,0,D,,False
750,1411,0,D,,False
751,21548,7,D,,False
